{
  "target_rps": 1000,
  "actual_rps": 85.96167695477257,
  "throughput_efficiency": 8.596167695477257,
  "total_requests": 10000,
  "successful_requests": 10000,
  "failed_requests": 0,
  "success_rate": 100.0,
  "avg_response_time": 0.7731699506521225,
  "median_response_time": 0.8520914316177368,
  "min_response_time": 0.2867088317871094,
  "max_response_time": 1.2815577983856201,
  "p95_response_time": 1.1618680715560912,
  "p99_response_time": 1.2318533539772034,
  "p999_response_time": 1.2709606435298921,
  "error_breakdown": {},
  "timeout_rate": 0.0
}